from,to,relation,style_override,label
p_hikoimasu,p_yamashiro,biological_parent,,
p_yamashiro,p_kaname,biological_parent,,
p_kaname,p_okinaga,biological_parent,,
p_okinaga,p_jingu,biological_parent,,
t012,p_yamatotakeru,biological_parent,,
t012,t013,biological_parent,,
t014,u_chuai_jingu,spouse_to_union,,
p_jingu,u_chuai_jingu,spouse_to_union,,
u_chuai_jingu,t015,union_to_child,,
t015,p_wakasako,biological_parent,,
p_wakasako,p_ohoji,biological_parent,,
p_ohoji,p_oshi,biological_parent,,
p_oshi,p_hikoushino,biological_parent,,
t016,t017,biological_parent,,
t016,t018,biological_parent,,
t016,t019,biological_parent,bloodline_orange,
t017,p_ichinobe,biological_parent,,
t019,t020,biological_parent,,
t019,t021,biological_parent,bloodline_orange,
t021,t022,biological_parent,,
p_ichinobe,t023,biological_parent,,
p_ichinobe,t024,biological_parent,,
t024,t025,biological_parent,,
t026,u_keitai_tashiraka,spouse_to_union,,
p_tashiraka,u_keitai_tashiraka,spouse_to_union,,
u_keitai_tashiraka,t029,union_to_child,,
t026,t027,biological_parent,,
t026,t028,biological_parent,,
t029,t031,biological_parent,,
t029,t032,biological_parent,,
t029,t033,biological_parent,,
t030,p_oshisaka,biological_parent,,
p_oshisaka,p_chinu,biological_parent,,
t034,u_jomei_kogyoku,spouse_to_union,,
t035t037,u_jomei_kogyoku,spouse_to_union,,
u_jomei_kogyoku,t038,union_to_child,,
u_jomei_kogyoku,t040,union_to_child,bloodline_orange,
t038,p_shiki,biological_parent,,
p_shiki,t049,biological_parent,,
t038,t039,biological_parent,bloodline_orange,
t038,t041,biological_parent,,
t038,t043,biological_parent,,
t040,u_temmu_jito,spouse_to_union,,
t041,u_temmu_jito,spouse_to_union,,
u_temmu_jito,p_kusakabe,union_to_child,,
p_kusakabe,u_kusakabe_gemmei,spouse_to_union,,
t043,u_kusakabe_gemmei,spouse_to_union,,
u_kusakabe_gemmei,t042,union_to_child,,
u_kusakabe_gemmei,t044,union_to_child,,
t042,t045,biological_parent,,
t045,t046t048,biological_parent,,
t040,p_toneri,biological_parent,,
p_toneri,t047,biological_parent,,
t049,t050,biological_parent,,
t050,t052,biological_parent,,
t059,t060,biological_parent,,
tn003,fushimi_001,biological_parent,,
fushimi_003,t102,biological_parent,,
t102,t103,biological_parent,,
t103,t104,biological_parent,,
t104,t105,biological_parent,,
t105,t106,biological_parent,,
t108,t112,biological_parent,,
t112,t113,biological_parent,,
t113,kanin_001,biological_parent,,
kanin_001,kanin_002,biological_parent,,
kanin_002,t119,biological_parent,,
t119,t120,biological_parent,,
t120,t121,biological_parent,,
t121,t122,biological_parent,,
t122,t123,biological_parent,,
t123,u_taisho_sadako,spouse_to_union,,
n_sadako,u_taisho_sadako,spouse_to_union,bloodline_orange,
p_yasuhito,u_chichibu_setsuko,spouse_to_union,,
n_setsuko,u_chichibu_setsuko,spouse_to_union,,
p_nobuhito,u_takamatsu_kikuko,spouse_to_union,,
n_kikuko,u_takamatsu_kikuko,spouse_to_union,,
p_takahito,u_mikasa_yuriko,spouse_to_union,,
n_yuriko,u_mikasa_yuriko,spouse_to_union,,
t124,u_showa_nagako,spouse_to_union,,
kuni_003,u_showa_nagako,spouse_to_union,,
u_showa_nagako,t125,union_to_child,,
u_showa_nagako,p_masahito_02,union_to_child,,
u_showa_nagako,p_shigeko,union_to_child,modern_inflow_green,
u_showa_nagako,p_kazuko,union_to_child,,
u_showa_nagako,p_atsuko,union_to_child,,
u_showa_nagako,p_takako,union_to_child,,
p_masahito_02,u_hitachi_hanako,spouse_to_union,,
n_hanako,u_hitachi_hanako,spouse_to_union,,
t125,u_joko_michiko,spouse_to_union,,
n_michiko,u_joko_michiko,spouse_to_union,,
u_joko_michiko,t126,union_to_child,,
u_joko_michiko,p_fumihito,union_to_child,,
u_joko_michiko,p_sayako,union_to_child,,
t126,u_naruhito_masako,spouse_to_union,,
n_masako,u_naruhito_masako,spouse_to_union,,
u_naruhito_masako,p_aiko,union_to_child,,
p_fumihito,u_akishino_kiko,spouse_to_union,,
n_kiko,u_akishino_kiko,spouse_to_union,,
u_akishino_kiko,p_hisahito,union_to_child,,
u_akishino_kiko,p_kako,union_to_child,,
u_akishino_kiko,p_mako,union_to_child,,
u_mikasa_yuriko,p_tomohito,union_to_child,,
u_mikasa_yuriko,p_yoshihito,union_to_child,,
u_mikasa_yuriko,p_norihito,union_to_child,,
p_tomohito,u_tomohito_nobuko,spouse_to_union,,
n_nobuko,u_tomohito_nobuko,spouse_to_union,,
u_tomohito_nobuko,p_akiko,union_to_child,,
u_tomohito_nobuko,p_yoko,union_to_child,,
p_norihito,u_norihito_hisako,spouse_to_union,,
n_hisako,u_norihito_hisako,spouse_to_union,,
u_norihito_hisako,p_tsuguko,union_to_child,,
u_norihito_hisako,p_noriko,union_to_child,,
u_norihito_hisako,p_ayako,union_to_child,,
t100,t102,yushi,,
t106,p_masahito_01,biological_parent,,
p_masahito_01,t107,biological_parent,,
t106,t107,yushi,,
t113,t114,biological_parent,,
t114,t115,biological_parent,,
t115,t116,biological_parent,,
t115,t117,biological_parent,,
t116,t118,biological_parent,,
t118,t119,yushi,,
fushimi_020,kuni_001,biological_parent,,
kuni_001,kuni_002,biological_parent,,
kuni_002,kuni_003,biological_parent,,
t050,t051,biological_parent,bloodline_orange,
t050,t053,biological_parent,,
t052,t054,biological_parent,,
t054,t055,biological_parent,bloodline_orange,
t054,t058,biological_parent,,
t055,t056,biological_parent,bloodline_orange,
t056,t057,biological_parent,,
t060,t061,biological_parent,,
t060,t062,biological_parent,,
t063,t065,biological_parent,bloodline_orange,
t063,t067,biological_parent,,
t066,t068,biological_parent,,
t066,t069,biological_parent,,
t069,t070,biological_parent,bloodline_orange,
t071,t072,biological_parent,,
t072,t073,biological_parent,,
t073,t074,biological_parent,,
t074,t075,biological_parent,,
t074,t076,biological_parent,,
t074,t077,biological_parent,,
t077,t078,biological_parent,,
t078,t079,biological_parent,,
t080,t081,biological_parent,,
t080,t082,biological_parent,,
t082,t083,biological_parent,,
t082,t084,biological_parent,,
t084,t085,biological_parent,,
t080,p_morisada,biological_parent,,
p_morisada,t086,biological_parent,,
t086,t087,biological_parent,,
t083,t088,biological_parent,,
t090,t091,biological_parent,,
t089,t092,biological_parent,,
t092,t093,biological_parent,,
t091,t094,biological_parent,,
t092,t095,biological_parent,,
t091,t096,biological_parent,,
t096,t097,biological_parent,,
t097,t098,biological_parent,,
t097,t099,biological_parent,,
t093,tn001,biological_parent,,
t093,tn002,biological_parent,,
tn001,tn003,biological_parent,,
tn001,tn004,biological_parent,,
tn004,tn005,biological_parent,,
tn005,t100,biological_parent,,
t100,t101,biological_parent,,
fushimi_001,fushimi_002,biological_parent,,
fushimi_001,fushimi_003,biological_parent,,
t108,t109,biological_parent,,
t108,t110,biological_parent,,
t108,t111,biological_parent,,
t001,u_jimmu_ahiratsuhime,spouse_to_union,,
n_ahiratsuhime,u_jimmu_ahiratsuhime,spouse_to_union,,
u_jimmu_ahiratsuhime,p_tagishimimi,union_to_child,,
t001,u_jimmu_isuzuhime,spouse_to_union,,
n_isuzuhime,u_jimmu_isuzuhime,spouse_to_union,,
u_jimmu_isuzuhime,p_hikoyai,union_to_child,,古事記
u_jimmu_isuzuhime,p_kamuyai_mimi,union_to_child,,
u_jimmu_isuzuhime,t002,union_to_child,,
t002,u_suizei_isuzuyori,spouse_to_union,,
n_isuzuyori,u_suizei_isuzuyori,spouse_to_union,,
u_suizei_isuzuyori,t003,union_to_child,,
t003,u_annei_nunasoko,spouse_to_union,,
n_nunasoko,u_annei_nunasoko,spouse_to_union,,
u_annei_nunasoko,p_okisomimi,union_to_child,,
u_annei_nunasoko,t004,union_to_child,,
u_annei_nunasoko,p_shikitsuhiko,union_to_child,,一書
p_okisomimi,p_amatoyotsuhime,biological_parent,,
t004,u_itoku_amatoyotsuhime,spouse_to_union,,
p_amatoyotsuhime,u_itoku_amatoyotsuhime,spouse_to_union,,
u_itoku_amatoyotsuhime,t005,union_to_child,,
u_itoku_amatoyotsuhime,p_takeshihiko,union_to_child,,
t005,u_kosho_yosotarashi,spouse_to_union,,
n_yosotarashi,u_kosho_yosotarashi,spouse_to_union,,
u_kosho_yosotarashi,p_ameoshitarashi,union_to_child,,
u_kosho_yosotarashi,t006,union_to_child,,
p_ameoshitarashi,p_oshihime,biological_parent,,
t006,u_koan_oshihime,spouse_to_union,,
p_oshihime,u_koan_oshihime,spouse_to_union,,
u_koan_oshihime,p_okibi_morosusume,union_to_child,,
u_koan_oshihime,t007,union_to_child,,
t007,u_korei_hosohime,spouse_to_union,,
n_hosohime,u_korei_hosohime,spouse_to_union,,
u_korei_hosohime,t008,union_to_child,,
t008,u_kogen_utsushikome,spouse_to_union,,
n_utsushikome,u_kogen_utsushikome,spouse_to_union,,
u_kogen_utsushikome,p_ohiko,union_to_child,,
u_kogen_utsushikome,t009,union_to_child,,
t009,u_kaika_ikagashikome,spouse_to_union,,
n_ikagashikome,u_kaika_ikagashikome,spouse_to_union,,
u_kaika_ikagashikome,t010,union_to_child,,
t009,u_kaika_hahatsuhime,spouse_to_union,,
n_hahatsuhime,u_kaika_hahatsuhime,spouse_to_union,,
u_kaika_hahatsuhime,p_hikoimasu,union_to_child,,日本書紀系
kuni_002,kuni_004,biological_parent,,
kuni_004,kuni_005,biological_parent,,
kuni_005,kuni_006,biological_parent,,
kuni_004,kuni_007,biological_parent,,
kuni_001,higashikuni_001,biological_parent,,
higashikuni_001,u_naruhiko_toshiko,spouse_to_union,,
p_toshiko,u_naruhiko_toshiko,spouse_to_union,modern_inflow_green,
u_naruhiko_toshiko,higashikuni_002,union_to_child,modern_inflow_green,
higashikuni_002,u_morihiro_shigeko,spouse_to_union,,
p_shigeko,u_morihiro_shigeko,spouse_to_union,modern_inflow_green,
u_morihiro_shigeko,higashikuni_003,union_to_child,modern_inflow_green,
u_morihiro_shigeko,higashikuni_005,union_to_child,modern_inflow_green,
higashikuni_003,higashikuni_004,biological_parent,,
higashikuni_005,higashikuni_006,biological_parent,,
higashikuni_005,higashikuni_007,biological_parent,,
t122,p_toshiko,biological_parent,modern_inflow_green,
fushimi_020,kitashirakawa_001,biological_parent,,
kitashirakawa_001,kitashirakawa_002,biological_parent,,
kitashirakawa_003,kitashirakawa_004,biological_parent,,
kitashirakawa_001,takeda_001,biological_parent,,
t122,p_masako_meiji,biological_parent,modern_inflow_green,
takeda_001,u_tsunehisa_masako,spouse_to_union,,
p_masako_meiji,u_tsunehisa_masako,spouse_to_union,modern_inflow_green,
u_tsunehisa_masako,takeda_002,union_to_child,modern_inflow_green,
takeda_002,takeda_003,biological_parent,,
takeda_002,takeda_004,biological_parent,,
takeda_002,takeda_005,biological_parent,,
takeda_003,takeda_006,biological_parent,,
takeda_004,takeda_007,biological_parent,,
takeda_004,takeda_008,biological_parent,,
takeda_005,takeda_009,biological_parent,,
takeda_005,takeda_010,biological_parent,,
kuni_001,kaya_001,biological_parent,,
kaya_001,kaya_002,biological_parent,,
kaya_002,kaya_003,biological_parent,,
kaya_002,kaya_004,biological_parent,,
kaya_002,kaya_005,biological_parent,,
kaya_002,kaya_006,biological_parent,,
kaya_002,kaya_007,biological_parent,,
kaya_002,kaya_008,biological_parent,,
kaya_005,kaya_009,biological_parent,,
kuni_001,asaka_001,biological_parent,,
t122,p_nobuko_meiji,biological_parent,modern_inflow_green,
asaka_001,u_yasuhiko_nobuko,spouse_to_union,,
p_nobuko_meiji,u_yasuhiko_nobuko,spouse_to_union,modern_inflow_green,
u_yasuhiko_nobuko,asaka_002,union_to_child,modern_inflow_green,
asaka_002,asaka_003,biological_parent,,
asaka_003,asaka_004,biological_parent,,
fushimi_020,yamashina_001,biological_parent,,
yamashina_001,yamashina_002,biological_parent,,
yamashina_002,yamashina_003,biological_parent,,
kuni_001,nashimoto_002,biological_parent,,
kanin_002,kanin_003,biological_parent,,
kanin_003,kanin_004,biological_parent,,
kanin_004,kanin_005,biological_parent,,
fushimi_020,kanin_006,biological_parent,,
kanin_006,kanin_007,biological_parent,,
fushimi_020,higashifushimi_001,biological_parent,,
fushimi_003,fushimi_004,biological_parent,,
fushimi_004,fushimi_005,biological_parent,,
fushimi_005,fushimi_006,biological_parent,,
fushimi_006,fushimi_007,biological_parent,,
fushimi_007,fushimi_008,biological_parent,,
fushimi_008,fushimi_009,biological_parent,,
fushimi_009,fushimi_010,biological_parent,,
fushimi_010,fushimi_011,biological_parent,,
fushimi_010,fushimi_012,biological_parent,,
fushimi_010,fushimi_013,biological_parent,,
fushimi_013,fushimi_014,biological_parent,,
fushimi_015,fushimi_016,biological_parent,,
fushimi_015,fushimi_018,biological_parent,,
t116,fushimi_017,biological_parent,,
fushimi_018,fushimi_019,biological_parent,,
fushimi_019,fushimi_020,biological_parent,,
fushimi_020,fushimi_021,biological_parent,,
fushimi_020,fushimi_022,biological_parent,,
fushimi_022,fushimi_023,biological_parent,,
fushimi_023,fushimi_024,biological_parent,,
fushimi_024,fushimi_025,biological_parent,,
fushimi_019,nashimoto_001,biological_parent,,
kuni_005,kuni_008,biological_parent,,
kuni_007,kuni_009,biological_parent,,
kuni_004,kuni_010,biological_parent,,
u_morihiro_shigeko,higashikuni_008,union_to_child,modern_inflow_green,
higashikuni_008,higashikuni_009,biological_parent,,
higashikuni_008,higashikuni_010,biological_parent,,
higashikuni_002,u_morihiro_yoshiko,spouse_to_union,,
n_yoshiko_terao,u_morihiro_yoshiko,spouse_to_union,,
u_morihiro_yoshiko,higashikuni_011,union_to_child,,
u_morihiro_yoshiko,higashikuni_012,union_to_child,,
kuni_001,kuni_011,biological_parent,,
kuni_011,kuni_012,biological_parent,,
u_naruhiko_toshiko,higashikuni_013,union_to_child,modern_inflow_green,
u_naruhiko_toshiko,higashikuni_014,union_to_child,modern_inflow_green,
higashikuni_014,higashikuni_015,biological_parent,,
fushimi_020,kitashirakawa_005,biological_parent,,
t122,p_fusako_meiji,biological_parent,modern_inflow_green,
kitashirakawa_002,u_naruhisa_fusako,spouse_to_union,,
p_fusako_meiji,u_naruhisa_fusako,spouse_to_union,modern_inflow_green,
u_naruhisa_fusako,kitashirakawa_003,union_to_child,modern_inflow_green,
fushimi_020,shogoin_001,biological_parent,,
fushimi_020,komatsu_001,biological_parent,,
fushimi_020,kacho_001,biological_parent,,
t029,u_kinmei_ishihime,spouse_to_union,,
p_ishihime,u_kinmei_ishihime,spouse_to_union,,
u_kinmei_ishihime,t030,union_to_child,,
t030,p_nukatehime,biological_parent,,
p_oshisaka,u_oshisaka_nukatehime,spouse_to_union,,
p_nukatehime,u_oshisaka_nukatehime,spouse_to_union,,
u_oshisaka_nukatehime,t034,union_to_child,,
t050,p_nakano,biological_parent,,
p_nakano,p_hanshi,biological_parent,,
t058,u_koko_hanshi,spouse_to_union,,
p_hanshi,u_koko_hanshi,spouse_to_union,,
u_koko_hanshi,t059,union_to_child,,
t067,p_teishi,biological_parent,,
t069,u_go_suzaku_teishi,spouse_to_union,,
p_teishi,u_go_suzaku_teishi,spouse_to_union,,
u_go_suzaku_teishi,t071,union_to_child,,
p_ohiko,p_mimakihime,biological_parent,,
t010,u_sujin_mimakihime,spouse_to_union,,
p_mimakihime,u_sujin_mimakihime,spouse_to_union,,
u_sujin_mimakihime,t011,union_to_child,,
p_hikoimasu,p_tanbamichinushi,biological_parent,,
p_tanbamichinushi,p_hibasuhime,biological_parent,,
t011,u_suinin_hibasuhime,spouse_to_union,,
p_hibasuhime,u_suinin_hibasuhime,spouse_to_union,,
u_suinin_hibasuhime,t012,union_to_child,,
t011,p_futajinoirihime,biological_parent,,
p_yamatotakeru,u_yamatotakeru_futajinoirihime,spouse_to_union,,
p_futajinoirihime,u_yamatotakeru_futajinoirihime,spouse_to_union,,
u_yamatotakeru_futajinoirihime,t014,union_to_child,,
t021,p_kasuga_oiratsume,biological_parent,bloodline_orange,
t024,u_ninken_kasuga,spouse_to_union,,
p_kasuga_oiratsume,u_ninken_kasuga,spouse_to_union,bloodline_orange,
u_ninken_kasuga,p_tashiraka,union_to_child,,
t011,p_iwatsukuwake,biological_parent,,
p_iwatsukuwake,p_iwakiwake,biological_parent,,
p_iwakiwake,p_iwakoriwake,biological_parent,,
p_iwakoriwake,p_mawakake,biological_parent,,
p_mawakake,p_akahachikimi,biological_parent,,
p_akahachikimi,p_obachikimi,biological_parent,,
p_obachikimi,p_furuhime,biological_parent,,
p_hikoushino,u_hikoushino_furuhime,spouse_to_union,,
p_furuhime,u_hikoushino_furuhime,spouse_to_union,,
u_hikoushino_furuhime,t026,union_to_child,,
u_ninken_kasuga,p_tachibana_nakatsuhime,union_to_child,bloodline_orange,
t028,u_senka_tachibana,spouse_to_union,,
p_tachibana_nakatsuhime,u_senka_tachibana,spouse_to_union,bloodline_orange,
u_senka_tachibana,p_ishihime,union_to_child,,
t029,p_sakurai,biological_parent,bloodline_orange,
p_sakurai,p_kibihime,biological_parent,bloodline_orange,
p_chinu,u_chinu_kibihime,spouse_to_union,,
p_kibihime,u_chinu_kibihime,spouse_to_union,bloodline_orange,
u_chinu_kibihime,t035t037,union_to_child,,
u_chinu_kibihime,t036,union_to_child,,
t010,p_yasakairihiko,biological_parent,bloodline_orange,
p_yasakairihiko,p_yasakairihime,biological_parent,bloodline_orange,
t012,u_keiko_yasakairihime,spouse_to_union,bloodline_orange,
p_yasakairihime,u_keiko_yasakairihime,spouse_to_union,bloodline_orange,
u_keiko_yasakairihime,p_iokiirihiko,union_to_child,bloodline_orange,
p_iokiirihiko,p_hondamawaka,biological_parent,bloodline_orange,
p_hondamawaka,p_nakatsuhime,biological_parent,bloodline_orange,
t015,u_ojin_nakatsuhime,spouse_to_union,,
p_nakatsuhime,u_ojin_nakatsuhime,spouse_to_union,bloodline_orange,
u_ojin_nakatsuhime,t016,union_to_child,,
t112,p_fukuko_reigen,biological_parent,bloodline_orange,
fushimi_014,u_kuninaga_fukuko,spouse_to_union,,
p_fukuko_reigen,u_kuninaga_fukuko,spouse_to_union,bloodline_orange,
u_kuninaga_fukuko,fushimi_015,union_to_child,,
u_taisho_sadako,t124,union_to_child,,
u_taisho_sadako,p_yasuhito,union_to_child,,
u_taisho_sadako,p_nobuhito,union_to_child,,
u_taisho_sadako,p_takahito,union_to_child,,
fushimi_016,fushimi_017,layout_hint,,
shogoin_001,kitashirakawa_005,layout_hint,,
kanin_005,kanin_006,layout_hint,,
fushimi_017,fushimi_018,layout_hint,,
kitashirakawa_005,kitashirakawa_001,layout_hint,,
t008,u_kogen_ikagashikome,spouse_to_union,,
n_ikagashikome,u_kogen_ikagashikome,spouse_to_union,,
nashimoto_001,yamashina_002,adoption,,
t108,fushimi_013,yushi,,後水尾天皇の猶子
t112,fushimi_014,yushi,,霊元天皇の猶子
t113,fushimi_015,yushi,,東山天皇の猶子
t115,fushimi_016,yushi,,桜町天皇の猶子
t115,fushimi_018,yushi,,桜町天皇の猶子
t118,fushimi_019,yushi,,後桃園天皇の猶子
t119,fushimi_020,yushi,,光格天皇の猶子
t120,fushimi_021,yushi,,仁孝天皇の猶子
t121,fushimi_022,yushi,,孝明天皇の養子
fushimi_021,fushimi_022,yushi,,故貞教親王の猶子
t119,yamashina_001,yushi,,光格天皇の猶子
t121,yamashina_001,yushi,,孝明天皇の猶子
t120,kuni_001,yushi,,仁孝天皇の養子
t120,komatsu_001,yushi,,仁孝天皇の養子
t120,kitashirakawa_001,yushi,,仁孝天皇の養子
t121,kacho_001,yushi,,孝明天皇の猶子
t121,kitashirakawa_005,yushi,,孝明天皇の猶子
t121,kanin_006,yushi,,孝明天皇の養子
t122,higashifushimi_001,yushi,,明治天皇の猶子
yamashina_001,higashifushimi_001,adoption,,山階宮晃親王の養嗣子
komatsu_001,higashifushimi_001,adoption,,のち小松宮彰仁親王の養嗣子
t040,u_tenmu_nukata,spouse_to_union,bloodline_orange,
p_nukata,u_tenmu_nukata,spouse_to_union,,
u_tenmu_nukata,p_tochi,union_to_child,bloodline_orange,
t039,u_kobun_tochi,spouse_to_union,bloodline_orange,
p_tochi,u_kobun_tochi,spouse_to_union,bloodline_orange,
u_kobun_tochi,p_kadono,union_to_child,bloodline_orange,
p_kadono,p_ikebe,biological_parent,bloodline_orange,
p_ikebe,c_omimifune,biological_parent,bloodline_orange,
c_omimifune,n_omimifune_daughter,biological_parent,bloodline_orange_dashed,
n_omimifune_daughter,u_mifune_daughter_shimadamaro,spouse_to_union,bloodline_orange_dashed,
c_tachibana_shimadamaro,u_mifune_daughter_shimadamaro,spouse_to_union,,
u_mifune_daughter_shimadamaro,c_tachibana_tsunenushi,union_to_child,bloodline_orange_dashed,
c_tachibana_tsunenushi,c_tachibana_yasukio,biological_parent,bloodline_orange_dashed,
c_tachibana_yasukio,c_tachibana_yoshimoto,biological_parent,bloodline_orange_dashed,
c_tachibana_yoshimoto,c_tachibana_sumikiyo,biological_parent,bloodline_orange_dashed,
c_tachibana_sumikiyo,n_tachibana_sumikiyo_daughter,biological_parent,bloodline_orange_dashed,
n_tachibana_sumikiyo_daughter,u_sumikiyo_daughter_nakamasa,spouse_to_union,bloodline_orange_dashed,
c_fujiwara_nakamasa,u_sumikiyo_daughter_nakamasa,spouse_to_union,,
u_sumikiyo_daughter_nakamasa,n_fujiwara_tokihime,union_to_child,bloodline_orange_dashed,
c_fujiwara_kaneie,u_kaneie_tokihime,spouse_to_union,,
n_fujiwara_tokihime,u_kaneie_tokihime,spouse_to_union,bloodline_orange_dashed,
u_kaneie_tokihime,n_fujiwara_senshi,union_to_child,bloodline_orange_dashed,
t064,u_enyu_senshi,spouse_to_union,,
n_fujiwara_senshi,u_enyu_senshi,spouse_to_union,bloodline_orange,
u_enyu_senshi,t066,union_to_child,,
t051,u_heizei_kuzui,spouse_to_union,bloodline_orange,
n_kuzui_toshi,u_heizei_kuzui,spouse_to_union,,
u_heizei_kuzui,p_abo,union_to_child,bloodline_orange,
t050,p_ito,biological_parent,,
p_abo,u_abo_ito,spouse_to_union,bloodline_orange,
p_ito,u_abo_ito,spouse_to_union,,
u_abo_ito,c_ariwara_narihira,union_to_child,bloodline_orange,
c_ariwara_narihira,n_ariwara_miko,biological_parent,bloodline_orange_dashed,
n_ariwara_miko,u_ariwara_miko_yasunori,spouse_to_union,bloodline_orange_dashed,
c_fujiwara_yasunori,u_ariwara_miko_yasunori,spouse_to_union,,
u_ariwara_miko_yasunori,c_fujiwara_kiyotsura,union_to_child,bloodline_orange_dashed,
c_fujiwara_kiyotsura,n_fujiwara_kiyotsura_daughter,biological_parent,bloodline_orange_dashed,
n_fujiwara_kiyotsura_daughter,u_kiyotsura_daughter_tsunesuke,spouse_to_union,bloodline_orange_dashed,
c_fujiwara_tsunesuke,u_kiyotsura_daughter_tsunesuke,spouse_to_union,,
u_kiyotsura_daughter_tsunesuke,c_fujiwara_yasutada,union_to_child,bloodline_orange_dashed,
c_fujiwara_yasutada,u_yasutada_kiyoto_daughter,spouse_to_union,bloodline_orange_dashed,
n_minamoto_kiyoto_daughter,u_yasutada_kiyoto_daughter,spouse_to_union,,
u_yasutada_kiyoto_daughter,c_fujiwara_kunimasa,union_to_child,bloodline_orange_dashed,
c_fujiwara_kunimasa,u_kunimasa_minamoto_nin_daughter,spouse_to_union,bloodline_orange_dashed,
n_minamoto_nin_daughter,u_kunimasa_minamoto_nin_daughter,spouse_to_union,,
u_kunimasa_minamoto_nin_daughter,c_fujiwara_kunitsune,union_to_child,bloodline_orange_dashed,
c_fujiwara_kunitsune,c_fujiwara_yukifusa,biological_parent,bloodline_orange_dashed,
c_fujiwara_yukifusa,n_fujiwara_yukifusa_daughter,biological_parent,bloodline_orange_dashed,
n_fujiwara_yukifusa_daughter,u_yukifusa_daughter_munetada,spouse_to_union,bloodline_orange_dashed,
c_fujiwara_munetada,u_yukifusa_daughter_munetada,spouse_to_union,,
u_yukifusa_daughter_munetada,c_fujiwara_muneno,union_to_child,bloodline_orange_dashed,
c_fujiwara_muneno,n_fujiwara_muneno_daughter,biological_parent,bloodline_orange_dashed,
n_fujiwara_muneno_daughter,u_muneno_daughter_sueyuki,spouse_to_union,bloodline_orange_dashed,
c_fujiwara_sueyuki,u_muneno_daughter_sueyuki,spouse_to_union,,
u_muneno_daughter_sueyuki,c_fujiwara_sadayoshi,union_to_child,bloodline_orange_dashed,
c_fujiwara_sadayoshi,n_fujiwara_sadayoshi_daughter,biological_parent,bloodline_orange_dashed,
n_fujiwara_sadayoshi_daughter,u_sadayoshi_daughter_ieyuki,spouse_to_union,bloodline_orange_dashed,
c_mochiie_ieyuki,u_sadayoshi_daughter_ieyuki,spouse_to_union,,
u_sadayoshi_daughter_ieyuki,c_mochiie_sada,union_to_child,bloodline_orange_dashed,
c_mochiie_sada,c_mochiie_motomori,biological_parent,bloodline_orange_dashed,
c_mochiie_motomori,c_mochiie_motoyo,biological_parent,bloodline_orange_dashed,
c_mochiie_motoyo,c_mochiie_motokane,biological_parent,bloodline_orange_dashed,
c_mochiie_motokane,c_mochiie_motokiyo,biological_parent,bloodline_orange_dashed,
c_mochiie_motokiyo,c_mochiie_motochika,biological_parent,bloodline_orange_dashed,
c_mochiie_motochika,n_mochiie_motochika_daughter,biological_parent,bloodline_orange_dashed,
n_mochiie_motochika_daughter,u_motochika_daughter_sanemori,spouse_to_union,bloodline_orange_dashed,
c_tokudaiji_sanemori,u_motochika_daughter_sanemori,spouse_to_union,,
u_motochika_daughter_sanemori,c_tokudaiji_kinari,union_to_child,bloodline_orange_dashed,
c_tokudaiji_kinari,u_kinari_takakura_daughter,spouse_to_union,bloodline_orange_dashed,
n_takakura_nagatoyo_daughter,u_kinari_takakura_daughter,spouse_to_union,,
u_kinari_takakura_daughter,c_tokudaiji_saneatsu,union_to_child,bloodline_orange_dashed,
c_tokudaiji_saneatsu,n_tokudaiji_ishiko,biological_parent,bloodline_orange_dashed,
n_tokudaiji_ishiko,u_ishiko_hisamichi,spouse_to_union,bloodline_orange_dashed,
c_konoe_hisamichi,u_ishiko_hisamichi,spouse_to_union,bloodline_orange_dashed,
u_ishiko_hisamichi,c_konoe_taneie,union_to_child,bloodline_orange_dashed,
c_konoe_taneie,u_taneie_hosokawa,spouse_to_union,bloodline_orange_dashed,
n_hosokawa_takamoto_daughter,u_taneie_hosokawa,spouse_to_union,,
u_taneie_hosokawa,c_konoe_sakihisa,union_to_child,bloodline_orange_dashed,
c_konoe_sakihisa,n_konoe_sakiko,biological_parent,bloodline_orange_dashed,
t107,u_goyozei_sakiko,spouse_to_union,,
n_konoe_sakiko,u_goyozei_sakiko,spouse_to_union,bloodline_orange,
u_goyozei_sakiko,t108,union_to_child,,
t055,c_minamoto_yoshiari,biological_parent,bloodline_orange,
c_minamoto_yoshiari,n_minamoto_akiko,biological_parent,bloodline_orange_dashed,
n_minamoto_akiko,u_tadahira_akiko,spouse_to_union,bloodline_orange_dashed,
c_fujiwara_tadahira,u_tadahira_akiko,spouse_to_union,,
u_tadahira_akiko,c_fujiwara_morosuke,union_to_child,bloodline_orange_dashed,
c_fujiwara_morosuke,u_morosuke_moriko,spouse_to_union,bloodline_orange_dashed,
n_fujiwara_moriko,u_morosuke_moriko,spouse_to_union,,
u_morosuke_moriko,n_fujiwara_anshi,union_to_child,bloodline_orange_dashed,
n_fujiwara_anshi,u_murakami_anshi,spouse_to_union,bloodline_orange,
t062,u_murakami_anshi,spouse_to_union,,
u_murakami_anshi,t063,union_to_child,,
u_murakami_anshi,t064,union_to_child,,
t090,p_kameyama_princess,biological_parent,bloodline_orange,
p_kameyama_princess,u_kameyama_princess_iemoto,spouse_to_union,bloodline_orange,
c_konoe_iemoto,u_kameyama_princess_iemoto,spouse_to_union,,
u_kameyama_princess_iemoto,c_konoe_tsunehira,union_to_child,bloodline_orange,
c_konoe_tsunehira,c_konoe_mototsugu,biological_parent,bloodline_orange_dashed,
c_konoe_mototsugu,c_konoe_michitsugu,biological_parent,bloodline_orange_dashed,
c_konoe_michitsugu,c_konoe_kanetsugu,biological_parent,bloodline_orange_dashed,
c_konoe_kanetsugu,c_konoe_tadatsugu,biological_parent,bloodline_orange_dashed,
c_konoe_tadatsugu,c_konoe_fusatsugu,biological_parent,bloodline_orange_dashed,
c_konoe_fusatsugu,c_konoe_masaie,biological_parent,bloodline_orange_dashed,
c_konoe_masaie,c_konoe_hisamichi,biological_parent,bloodline_orange_dashed,
t065,p_kazan_kiyohito,biological_parent,bloodline_orange,
p_kazan_kiyohito,c_shirakawa_nobusane,biological_parent,bloodline_orange,
c_shirakawa_nobusane,c_shirakawa_yasusuke,biological_parent,bloodline_orange_dashed,
c_shirakawa_yasusuke,c_shirakawa_akiyasu,biological_parent,bloodline_orange_dashed,
c_shirakawa_akiyasu,c_shirakawa_akihiro,biological_parent,bloodline_orange_dashed,
c_shirakawa_akihiro,c_shirakawa_nakasuke,biological_parent,bloodline_orange_dashed,
c_shirakawa_nakasuke,c_shirakawa_narisuke,biological_parent,bloodline_orange_dashed,
c_shirakawa_narisuke,c_shirakawa_sukemitsu,biological_parent,bloodline_orange_dashed,
c_shirakawa_sukemitsu,c_shirakawa_sukekuni,biological_parent,bloodline_orange_dashed,
c_shirakawa_sukekuni,c_shirakawa_nariaki,biological_parent,bloodline_orange_dashed,
c_shirakawa_nariaki,c_shirakawa_sukekiyo,biological_parent,bloodline_orange_dashed,
c_shirakawa_sukekiyo,c_shirakawa_sukehide,biological_parent,bloodline_orange_dashed,
c_shirakawa_sukehide,c_shirakawa_akikuni,biological_parent,bloodline_orange_dashed,
c_shirakawa_akikuni,c_shirakawa_suketada,biological_parent,bloodline_orange_dashed,
c_shirakawa_suketada,n_shirakawa_toyoko,biological_parent,bloodline_orange_dashed,
n_shirakawa_toyoko,u_toyoko_kanesato,spouse_to_union,bloodline_orange_dashed,
c_hirohashi_kanesato,u_toyoko_kanesato,spouse_to_union,,
u_toyoko_kanesato,c_hirohashi_tsunamitsu,union_to_child,bloodline_orange_dashed,
c_hirohashi_tsunamitsu,n_hirohashi_tsunamitsu_daughter,biological_parent,bloodline_orange_dashed,
n_hirohashi_tsunamitsu_daughter,u_tsunamitsu_daughter_morimitsu,spouse_to_union,bloodline_orange_dashed,
c_hirohashi_morimitsu,u_tsunamitsu_daughter_morimitsu,spouse_to_union,,
u_tsunamitsu_daughter_morimitsu,c_hirohashi_kanehide,union_to_child,bloodline_orange_dashed,
c_hirohashi_kanehide,c_hirohashi_kunimitsu,biological_parent,bloodline_orange_dashed,
c_hirohashi_kunimitsu,c_hirohashi_kanekatsu,biological_parent,bloodline_orange_dashed,
c_hirohashi_kanekatsu,n_hirohashi_kanekatsu_daughter,biological_parent,bloodline_orange_dashed,
n_hirohashi_kanekatsu_daughter,u_kanekatsu_daughter_nobutaka,spouse_to_union,bloodline_orange_dashed,
c_higuchi_nobutaka,u_kanekatsu_daughter_nobutaka,spouse_to_union,,
u_kanekatsu_daughter_nobutaka,c_higuchi_nobuyasu,union_to_child,bloodline_orange_dashed,
c_higuchi_nobuyasu,c_higuchi_yasuhiro,biological_parent,bloodline_orange_dashed,
c_higuchi_yasuhiro,c_higuchi_motoyasu,biological_parent,bloodline_orange_dashed,
c_higuchi_motoyasu,n_higuchi_nobuko,biological_parent,bloodline_orange_dashed,
n_higuchi_nobuko,u_nobuko_harutaka,spouse_to_union,bloodline_orange_dashed,
c_nijo_harutaka,u_nobuko_harutaka,spouse_to_union,,
u_nobuko_harutaka,c_kujo_hisatada,union_to_child,bloodline_orange_dashed,
c_kujo_hisatada,c_kujo_michitaka,biological_parent,bloodline_orange_dashed,
c_kujo_michitaka,u_michitaka_ikuko,spouse_to_union,bloodline_orange_dashed,
n_noma_ikuko,u_michitaka_ikuko,spouse_to_union,,
u_michitaka_ikuko,n_sadako,union_to_child,bloodline_orange_dashed,
t056,p_sadazumi,biological_parent,bloodline_orange,
p_sadazumi,c_minamoto_tsunemoto,biological_parent,bloodline_orange,
c_minamoto_tsunemoto,c_minamoto_mitsunaka,biological_parent,bloodline_orange_dashed,
c_minamoto_mitsunaka,c_minamoto_yorimitsu,biological_parent,bloodline_orange_dashed,
c_minamoto_yorimitsu,c_minamoto_yorikuni,biological_parent,bloodline_orange_dashed,
c_minamoto_yorikuni,n_minamoto_yorikuni_daughter,biological_parent,bloodline_orange_dashed,
n_minamoto_yorikuni_daughter,u_yorikuni_daughter_tamefusa,spouse_to_union,bloodline_orange_dashed,
c_fujiwara_tamefusa,u_yorikuni_daughter_tamefusa,spouse_to_union,,
u_yorikuni_daughter_tamefusa,c_fujiwara_akitaka,union_to_child,bloodline_orange_dashed,
c_fujiwara_akitaka,c_fujiwara_akiyori,biological_parent,bloodline_orange_dashed,
c_fujiwara_akiyori,n_fujiwara_yuko,biological_parent,bloodline_orange_dashed,
n_fujiwara_yuko,u_yuko_tokinobu,spouse_to_union,bloodline_orange_dashed,
c_taira_tokinobu,u_yuko_tokinobu,spouse_to_union,,
u_yuko_tokinobu,n_taira_shigeko,union_to_child,bloodline_orange_dashed,
n_taira_shigeko,u_goshirakawa_shigeko,spouse_to_union,bloodline_orange,
t077,u_goshirakawa_shigeko,spouse_to_union,,
u_goshirakawa_shigeko,t080,union_to_child,,
t070,u_goreizei_masumori_daughter,spouse_to_union,bloodline_orange_dashed,
n_sugawara_masumori_daughter,u_goreizei_masumori_daughter,spouse_to_union,,
u_goreizei_masumori_daughter,c_takashina_tameyuki,union_to_child,bloodline_orange_dashed,
c_takashina_tameie,c_takashina_tameyuki,adoption,yushi,高階氏側で養育・系譜上の父
c_takashina_tameyuki,n_takashina_tameyuki_daughter,biological_parent,bloodline_orange_dashed,
n_takashina_tameyuki_daughter,u_tameyuki_daughter_kiyotsuna,spouse_to_union,bloodline_orange_dashed,
c_fujiwara_kiyotsuna,u_tameyuki_daughter_kiyotsuna,spouse_to_union,,
u_tameyuki_daughter_kiyotsuna,c_fujiwara_tadakiyo,union_to_child,bloodline_orange_dashed,
c_fujiwara_tadakiyo,n_fujiwara_tadakiyo_daughter,biological_parent,bloodline_orange_dashed,
n_fujiwara_tadakiyo_daughter,u_tadakiyo_daughter_tameyoshi,spouse_to_union,bloodline_orange_dashed,
c_minamoto_tameyoshi,u_tadakiyo_daughter_tameyoshi,spouse_to_union,,
u_tadakiyo_daughter_tameyoshi,c_minamoto_yoshitomo,union_to_child,bloodline_orange_dashed,
c_minamoto_yoshitomo,n_bomon_hime,biological_parent,bloodline_orange_dashed,
n_bomon_hime,u_bomon_yoshiyasu,spouse_to_union,bloodline_orange_dashed,
c_ichijo_yoshiyasu,u_bomon_yoshiyasu,spouse_to_union,,
u_bomon_yoshiyasu,n_ichijo_masako,union_to_child,bloodline_orange_dashed,
n_ichijo_masako,u_masako_kintsune,spouse_to_union,bloodline_orange_dashed,
c_saionji_kintsune,u_masako_kintsune,spouse_to_union,,
u_masako_kintsune,c_saionji_saneuji,union_to_child,bloodline_orange_dashed,
c_saionji_saneuji,u_saneuji_sadako,spouse_to_union,bloodline_orange_dashed,
n_shijo_sadako,u_saneuji_sadako,spouse_to_union,,
u_saneuji_sadako,n_saionji_kisshi,union_to_child,bloodline_orange_dashed,
t088,u_gosaga_kisshi,spouse_to_union,,
n_saionji_kisshi,u_gosaga_kisshi,spouse_to_union,bloodline_orange,
u_gosaga_kisshi,t089,union_to_child,,
u_gosaga_kisshi,t090,union_to_child,bloodline_orange,
p_kazuko,u_kazuko_toshimichi,spouse_to_union,,
c_takatsukasa_toshimichi,u_kazuko_toshimichi,spouse_to_union,,
p_atsuko,u_atsuko_takamasa,spouse_to_union,,
c_ikeda_takamasa,u_atsuko_takamasa,spouse_to_union,,
p_takako,u_takako_hisanaga,spouse_to_union,,
c_shimazu_hisanaga,u_takako_hisanaga,spouse_to_union,,
p_sayako,u_sayako_yoshiki,spouse_to_union,,
c_kuroda_yoshiki,u_sayako_yoshiki,spouse_to_union,,
p_mako,u_mako_kei,spouse_to_union,,
c_komuro_kei,u_mako_kei,spouse_to_union,,
p_noriko,u_noriko_kunimaro,spouse_to_union,,
c_senge_kunimaro,u_noriko_kunimaro,spouse_to_union,,
p_ayako,u_ayako_kei,spouse_to_union,,
c_moriya_kei,u_ayako_kei,spouse_to_union,,
u_mikasa_yuriko,p_yasuko_mikasa,union_to_child,,
u_mikasa_yuriko,p_masako_mikasa,union_to_child,,
p_yasuko_mikasa,u_yasuko_tadateru,spouse_to_union,,
c_konoe_tadateru,u_yasuko_tadateru,spouse_to_union,,
p_masako_mikasa,u_masako_soshitsu,spouse_to_union,,
c_sen_soshitsu,u_masako_soshitsu,spouse_to_union,,
kuni_002,higashifushimi_002,biological_parent,,
higashifushimi_001,higashifushimi_002,yushi,,実子同然に養育・宮家祭祀継承
higashifushimi_002,higashifushimi_003,biological_parent,,
higashifushimi_003,higashifushimi_004,biological_parent,,
